index,Sea,Lge,Date,HT,AT,HS,AS,GD,WDL,Round,HT_H_Off_Rating,HT_H_Def_Rating,HT_A_Off_Rating,HT_A_Def_Rating,AT_H_Off_Rating,AT_H_Def_Rating,AT_A_Off_Rating,AT_A_Def_Rating,HT_EG,AT_EG
31476, 22-23,ISR1,20/08/2022,Hapoel Haifa,Hapoel Tel Aviv,2,0,2,W,1,0.0,0.0,0.0,0.0,0.0,0.0,0.0,0.0,1.1031723333067176,1.3162028003569235
31477, 22-23,ISR1,20/08/2022,Hapoel Jerusalem,Hapoel Hadera,1,1,0,D,1,0.0,0.0,0.0,0.0,0.0,0.0,0.0,0.0,1.1031723333067176,1.3162028003569235
31478, 22-23,ISR1,20/08/2022,Maccabi Netanya,Beitar Jerusalem,4,1,3,W,1,0.0,0.0,0.0,0.0,0.0,0.0,0.0,0.0,1.1031723333067176,1.3162028003569235
31479, 22-23,ISR1,21/08/2022,Maccabi Tel Aviv,Maccabi Bnei Raina FC,5,0,5,W,1,0.0,0.0,0.0,0.0,0.0,0.0,0.0,0.0,1.1031723333067176,1.3162028003569235
31480, 22-23,ISR1,22/08/2022,FS Ness Ziona,Ironi Kiryat Shmona,0,2,-2,L,1,0.0,0.0,0.0,0.0,0.0,0.0,0.0,0.0,1.1031723333067176,1.3162028003569235
31481, 22-23,ISR1,27/08/2022,Ironi Kiryat Shmona,Hapoel Jerusalem,1,1,0,D,2,0.0,0.0,0.047207918976269116,-0.14179648625760638,-0.08962099371359807,-0.14198963978294396,0.0,0.0,1.1031723333067176,1.3162028003569235
31482, 22-23,ISR1,27/08/2022,Hapoel Tel Aviv,Bnei Sachnin FC,0,2,-2,L,2,0.0,0.0,-0.09086787016387467,0.11527393143964813,0.0,0.0,0.0,0.0,1.1031723333067176,1.3162028003569235
31483, 22-23,ISR1,27/08/2022,Maccabi Haifa,Maccabi Netanya,4,1,3,W,2,0.0,0.0,0.0,0.0,2.516339078367939,-0.14198963978294396,0.0,0.0,1.1031723333067176,1.3162028003569235
31484, 22-23,ISR1,27/08/2022,FC Ashdod,FS Ness Ziona,1,0,1,W,2,0.0,0.0,0.0,0.0,-0.9582743510741105,0.3070564775274304,0.0,0.0,1.1031723333067176,1.3162028003569235
31485, 22-23,ISR1,28/08/2022,Maccabi Bnei Raina FC,Hapoel Haifa,1,1,0,D,2,0.0,0.0,-0.09086787016387467,0.50087955798553,0.7790323636469143,-0.5910357570933183,0.0,0.0,1.1031723333067176,1.3162028003569235
31486, 22-23,ISR1,28/08/2022,Beitar Jerusalem,Hapoel Beer Sheva,0,5,-5,L,1,0.0,0.0,-0.021829975593802776,0.3723443491369027,0.0,0.0,0.0,0.0,1.1031723333067176,1.3162028003569235
31487, 22-23,ISR1,29/08/2022,Hapoel Hadera,Maccabi Tel Aviv,0,6,-6,L,2,0.0,0.0,-0.021829975593802776,-0.01326127740897913,3.3849924357284515,-0.5910357570933183,0.0,0.0,1.1031723333067176,1.3162028003569235
31488, 22-23,ISR1,30/08/2022,Bnei Sachnin FC,Maccabi Haifa,0,1,-1,L,2,0.0,0.0,0.047207918976269116,-0.14179648625760638,2.516339078367939,-0.14198963978294396,0.0,0.0,1.1031723333067176,1.3162028003569235
31489, 22-23,ISR1,31/08/2022,Hapoel Beer Sheva,FC Ashdod,1,2,-1,L,2,0.0,0.0,0.2543216026864848,-0.14179648625760638,-0.08962099371359807,-0.5910357570933183,0.0,0.0,1.1031723333067176,1.3162028003569235
31490, 22-23,ISR1,03/09/2022,Maccabi Tel Aviv,Ironi Kiryat Shmona,3,1,2,W,3,3.3849924357284515,-0.5910357570933183,0.3233594972565567,-0.14179648625760638,-0.08962099371359807,-0.14198963978294396,0.047207918976269116,-0.14179648625760638,1.795864293853285,1.2103439349451424
31491, 22-23,ISR1,03/09/2022,Hapoel Jerusalem,FC Ashdod,3,0,3,W,3,-0.08962099371359807,-0.14198963978294396,-0.021829975593802776,-0.01326127740897913,-0.08962099371359807,-0.5910357570933183,0.047207918976269116,-0.01326127740897913,1.0846564011739528,1.2973316560757158
31492, 22-23,ISR1,03/09/2022,Hapoel Haifa,Bnei Sachnin FC,1,2,-1,L,3,0.7790323636469143,-0.5910357570933183,-0.021829975593802776,-0.01326127740897913,-0.9582743510741105,-0.14198963978294396,0.047207918976269116,-0.14179648625760638,1.2228634475063453,1.2103439349451424
31493, 22-23,ISR1,03/09/2022,Hapoel Beer Sheva,Maccabi Haifa,1,2,-1,L,3,-0.08962099371359807,0.3070564775274304,0.2543216026864848,-0.14179648625760638,2.516339078367939,-0.14198963978294396,-0.021829975593802776,-0.14179648625760638,1.0618408494776568,1.3740454332103884
31494, 22-23,ISR1,04/09/2022,Maccabi Bnei Raina FC,Hapoel Hadera,1,2,-1,L,3,-0.08962099371359807,-0.14198963978294396,-0.09086787016387467,0.50087955798553,-0.9582743510741105,2.1032409467689277,-0.021829975593802776,-0.01326127740897913,1.0846564011739528,1.2836972719194157
31495, 22-23,ISR1,04/09/2022,FS Ness Ziona,Beitar Jerusalem,0,3,-3,L,3,-0.9582743510741105,0.3070564775274304,-0.09086787016387467,-0.01326127740897913,-0.9582743510741105,1.6541948294585536,-0.021829975593802776,0.3723443491369027,1.0007399698045165,1.3740454332103884
31496, 22-23,ISR1,05/09/2022,Maccabi Netanya,Hapoel Tel Aviv,0,2,-2,L,3,2.516339078367939,-0.14198963978294396,-0.021829975593802776,0.3723443491369027,-0.9582743510741105,0.3070564775274304,-0.09086787016387467,0.11527393143964813,1.650475127207374,1.270157024706781
31497, 22-23,ISR1,10/09/2022,Maccabi Haifa,FS Ness Ziona,3,1,2,W,4,2.516339078367939,-0.14198963978294396,0.021384609793873455,-0.14974521276059352,-1.8275704856896615,1.0371850626673773,-0.09086787016387467,-0.01326127740897913,1.6206842504839651,1.270157024706781
31498, 22-23,ISR1,10/09/2022,Bnei Sachnin FC,Maccabi Netanya,0,0,0,D,4,-0.9582743510741105,-0.14198963978294396,0.10172411114214422,-0.17044228602755956,1.0826483178792348,0.18574351451872748,-0.021829975593802776,0.3723443491369027,1.0007399698045165,1.2836972719194157
31499, 22-23,ISR1,10/09/2022,Hapoel Hadera,Hapoel Haifa,1,1,0,D,4,-0.9582743510741105,2.1032409467689277,0.02762205662767948,-0.024142605614246325,0.5854412817375891,-0.23644376706984616,-0.021829975593802776,-0.01326127740897913,0.9373163583377166,1.7718876463019742
31500, 22-23,ISR1,10/09/2022,FC Ashdod,Maccabi Tel Aviv,0,0,0,D,4,-0.08962099371359807,-0.5910357570933183,-0.042357127118302924,0.23292781208300822,4.430968959590467,-0.6854898843802205,0.3233594972565567,-0.14179648625760638,1.0618408494776568,1.263363936084793
31501, 22-23,ISR1,11/09/2022,Ironi Kiryat Shmona,Maccabi Bnei Raina FC,1,1,0,D,4,-0.08962099371359807,-0.14198963978294396,0.03268621657207232,0.012977348214050916,-0.16315806081541057,0.17966331908047126,-0.09086787016387467,0.50087955798553,1.1794359008562731,1.270157024706781
31502, 22-23,ISR1,11/09/2022,Hapoel Tel Aviv,Hapoel Beer Sheva,2,3,-1,L,4,-0.9582743510741105,0.3070564775274304,-0.04048104778287383,-0.09687023373541635,-0.14333925523439073,0.588138945357003,0.2543216026864848,-0.14179648625760638,0.9168743070344032,1.43152765705941
31503, 22-23,ISR1,12/09/2022,Beitar Jerusalem,Hapoel Jerusalem,0,1,-1,L,4,-0.9582743510741105,1.6541948294585536,0.09042250436394535,0.2437140281149102,1.5741486539056142,-0.7245513828075821,-0.021829975593802776,-0.01326127740897913,0.9373163583377166,1.667409545959648
31504, 22-23,ISR1,17/09/2022,FS Ness Ziona,Hapoel Tel Aviv,4,3,1,W,5,-1.8275704856896615,1.0371850626673773,-0.10951894235294572,0.16402936052326528,-0.017413581436113268,1.0113728932336083,-0.04048104778287383,-0.09687023373541635,0.7939492190756625,1.5250011459819026
31505, 22-23,ISR1,17/09/2022,Maccabi Bnei Raina FC,FC Ashdod,1,1,0,D,5,-0.16315806081541057,0.17966331908047126,-0.10951894235294572,0.4778157269940273,-1.011992612594903,-1.1583444273421466,-0.042357127118302924,0.23292781208300822,1.1158572759147138,1.3438515830560944
31506, 22-23,ISR1,17/09/2022,Hapoel Haifa,Maccabi Netanya,0,0,0,D,5,0.5854412817375891,-0.23644376706984616,-0.0751194735391394,-0.005204222436525026,1.0826483178792348,0.18574351451872748,-0.1104537325124643,0.2437140281149102,1.2605854744480407,1.2479978199207247
31507, 22-23,ISR1,17/09/2022,Maccabi Tel Aviv,Beitar Jerusalem,4,0,4,W,5,4.430968959590467,-0.6854898843802205,0.23613951103350372,-0.2782804216092208,-1.7724773526530972,1.3544971641894938,0.09042250436394535,0.2437140281149102,2.155352471005392,1.2006744798144946
31508, 22-23,ISR1,18/09/2022,Hapoel Hadera,Ironi Kiryat Shmona,1,1,0,D,5,-0.9038239952925848,1.7566277961971828,0.02762205662767948,-0.024142605614246325,-0.2454885914234078,-0.26330260279164686,0.03268621657207232,0.012977348214050916,0.9503271531635151,1.7035811052561447
31509, 22-23,ISR1,18/09/2022,Hapoel Beer Sheva,Bnei Sachnin FC,1,0,1,W,5,-0.14333925523439073,0.588138945357003,0.3626056309344909,-0.002576699102959268,-1.8275704856896615,-0.7184289155402774,0.10172411114214422,-0.17044228602755956,1.0474061935919579,1.4587578088938982
31510, 22-23,ISR1,18/09/2022,Hapoel Jerusalem,Maccabi Haifa,3,0,3,W,5,1.5741486539056142,-0.7245513828075821,-0.06790652546282451,-0.1337394312851523,3.714486335045274,-0.26330260279164686,0.021384609793873455,-0.14974521276059352,1.3823961409282899,1.1804488316994826
31511, 22-23,ISR1,01/10/2022,Ironi Kiryat Shmona,Hapoel Haifa,1,1,0,D,6,-0.2454885914234078,-0.26330260279164686,-0.015887541594096055,0.019362057956284373,-0.5095705228815959,-0.7968523425170594,-0.0751194735391394,-0.005204222436525026,1.0584497897001743,1.2496357784690686
31512, 22-23,ISR1,01/10/2022,FC Ashdod,Hapoel Hadera,1,1,0,D,6,-1.011992612594903,-1.1583444273421466,-0.06609591645708189,0.21803607292667745,-0.8606755101184177,1.4406874326689691,0.02762205662767948,-0.024142605614246325,0.9269990161717984,1.1027777726202834
31513, 22-23,ISR1,01/10/2022,Maccabi Netanya,Hapoel Beer Sheva,1,2,-1,L,6,1.0826483178792348,0.18574351451872748,-0.19661287442783087,0.08168441088518538,-0.18451880445772734,-0.06691058482299106,0.3626056309344909,-0.002576699102959268,1.3110535793511888,1.4287834559798818
31514, 22-23,ISR1,01/10/2022,Maccabi Haifa,Maccabi Tel Aviv,2,0,2,W,6,3.714486335045274,-0.26330260279164686,-0.060111092194359964,0.058173837099534165,6.033328228798406,-1.2246480976945726,0.23613951103350372,-0.2782804216092208,1.8429062558817724,1.3107766053019356
31515, 22-23,ISR1,02/10/2022,Bnei Sachnin FC,FS Ness Ziona,2,0,2,W,6,-1.8275704856896615,-0.7184289155402774,0.0010145433284581978,-0.17653565102162033,0.9573762890285571,1.6995275711014557,-0.10951894235294572,0.16402936052326528,0.8313376260299097,1.1573962861352307
31516, 22-23,ISR1,02/10/2022,Hapoel Tel Aviv,Hapoel Jerusalem,1,3,-2,L,6,-0.017413581436113268,1.0113728932336083,0.06134976759180445,0.3152201729699979,2.979285676967576,-1.2546273473658025,-0.06790652546282451,-0.1337394312851523,1.0760468087257344,1.5133870641063571
31517, 22-23,ISR1,03/10/2022,Beitar Jerusalem,Maccabi Bnei Raina FC,2,3,-1,L,6,-1.7724773526530972,1.3544971641894938,0.007530466213536355,0.4808161835063363,-0.26379787251336995,0.025258100778106335,-0.10951894235294572,0.4778157269940273,0.8865874575968619,1.5798154598419127
31518, 22-23,ISR1,08/10/2022,FS Ness Ziona,Maccabi Netanya,1,1,0,D,7,0.9573762890285571,1.6995275711014557,-0.18942314513094255,0.31424362283504337,0.81245058185682,0.44224608575441215,-0.19661287442783087,0.08168441088518538,1.3027164449881752,1.6378669327555848
31519, 22-23,ISR1,08/10/2022,Hapoel Jerusalem,Bnei Sachnin FC,1,2,-1,L,7,2.979285676967576,-1.2546273473658025,0.03472610167190586,-0.1435141237269862,-0.8124079909196358,-1.2381532240187498,0.0010145433284581978,-0.17653565102162033,1.6905659259663488,1.0811432578270692
31520, 22-23,ISR1,08/10/2022,Hapoel Hadera,Beitar Jerusalem,2,1,1,W,7,-0.8606755101184177,1.4406874326689691,0.02052649559737353,-0.014759408911733166,-0.8053078095673073,1.9922255178117023,0.007530466213536355,0.4808161835063363,1.0359304244548073,1.625465230231015
31521, 22-23,ISR1,08/10/2022,Maccabi Bnei Raina FC,Maccabi Haifa,1,0,1,W,7,-0.26379787251336995,0.025258100778106335,-0.011472391799465659,0.6209284406664958,3.8509463432939057,-0.8519017480637541,-0.060111092194359964,0.058173837099534165,1.0663910264360548,1.3092430658527074
31522, 22-23,ISR1,10/10/2022,Ironi Kiryat Shmona,FC Ashdod,1,1,0,D,7,-0.2962611974834801,-0.37540057985493486,-0.015887541594096055,0.019362057956284373,-0.9485800629019152,-1.2044963870830934,-0.06609591645708189,0.21803607292667745,1.089073437589331,1.2298130662988334
31523, 22-23,ISR1,10/10/2022,Hapoel Beer Sheva,Hapoel Haifa,2,2,0,D,7,-0.18451880445772734,-0.06691058482299106,0.4020412184772326,-0.04255803588797737,-0.5095705228815959,-0.7968523425170594,-0.09235380209400479,-0.012717078362795276,1.0678738249282118,1.2845939935916868
31524, 22-23,ISR1,10/10/2022,Maccabi Tel Aviv,Hapoel Tel Aviv,3,0,3,W,7,6.033328228798406,-1.2246480976945726,0.14564625395175196,-0.2580883444001716,-0.0834718971522752,1.6789306600400251,0.06134976759180445,0.3152201729699979,2.5937448369159655,1.0970127823242397
31525, 22-23,ISR1,15/10/2022,Hapoel Tel Aviv,Maccabi Bnei Raina FC,2,0,2,W,8,-0.0834718971522752,1.6789306600400251,-0.01438568521631764,0.3674382652028374,-0.3214686605256595,-0.5626524145585827,-0.011472391799465659,0.6209284406664958,1.2035558261191988,1.6754641894525684
31526, 22-23,ISR1,15/10/2022,FC Ashdod,Hapoel Haifa,4,0,4,W,8,-0.9485800629019152,-1.2044963870830934,-0.0819617266990457,0.20658700002326763,-0.5095705228815959,-0.7968523425170594,-0.042963677648791485,0.10709395422332912,0.9583542549931874,1.0822190839348111
31527, 22-23,ISR1,15/10/2022,Beitar Jerusalem,Ironi Kiryat Shmona,2,0,2,W,8,-0.8053078095673073,1.9922255178117023,-0.03565033640839821,0.6047330677436451,-0.37363513809709453,-0.4785972449836176,-0.015887541594096055,0.019362057956284373,0.9674480538879763,1.747172397944326
31528, 22-23,ISR1,15/10/2022,Bnei Sachnin FC,Maccabi Tel Aviv,0,1,-1,L,8,-0.8124079909196358,-1.2381532240187498,0.06445047821959272,-0.26529768653945063,6.386223140156395,-1.7172574282371234,0.14564625395175196,-0.2580883444001716,0.921546966352045,1.1095684268496473
31529, 22-23,ISR1,17/10/2022,Maccabi Netanya,Hapoel Jerusalem,0,2,-2,L,8,0.81245058185682,0.44224608575441215,-0.2406498644811461,0.0427746894067163,2.379423266898136,-0.8420182949285882,0.03472610167190586,-0.1435141237269862,1.229041273941589,1.4138059464588104
31530, 22-23,ISR1,17/10/2022,Hapoel Beer Sheva,FS Ness Ziona,1,1,0,D,8,0.6251757270019942,0.2543397046551828,0.4020412184772326,-0.04255803588797737,0.6944206327613398,1.4130959015868827,-0.18942314513094255,0.31424362283504337,1.2826038632495866,1.32922910152103
31531, 22-23,ISR1,17/10/2022,Maccabi Haifa,Hapoel Hadera,1,0,1,W,8,3.8509463432939057,-0.8519017480637541,-0.15049847694129687,0.049640252650901134,-0.02323323659196197,1.1598246995210926,0.02052649559737353,-0.014759408911733166,1.941965109593801,1.1567675565690505
31532, 22-23,ISR1,22/10/2022,Hapoel Jerusalem,Hapoel Beer Sheva,1,4,-3,L,9,2.379423266898136,-0.8420182949285882,0.07519570493788558,-0.30148920055665124,0.37969093238718965,0.1065006549115812,0.4020412184772326,-0.04255803588797737,1.5825803094593156,1.2301037287386654
31533, 22-23,ISR1,22/10/2022,Hapoel Haifa,FS Ness Ziona,0,1,-1,L,9,-0.5095705228815959,-0.7968523425170594,-0.11767780466720276,0.49805252530131827,0.6944206327613398,1.4130959015868827,-0.21215242913115093,0.27791907625082884,1.0617996407940966,1.1245100833931025
31534, 22-23,ISR1,22/10/2022,FC Ashdod,Beitar Jerusalem,0,2,-2,L,9,1.6935557253995694,-1.6904626648032104,-0.0819617266990457,0.20658700002326763,0.09162190507203294,1.2076645362429463,-0.03565033640839821,0.6047330677436451,1.5738057536753935,1.0008394079998506
31535, 22-23,ISR1,22/10/2022,Ironi Kiryat Shmona,Maccabi Haifa,2,3,-1,L,9,-0.37363513809709453,-0.4785972449836176,-0.13650864539911614,0.15208133799684986,3.032705188328787,-1.371343727971695,-0.15049847694129687,0.049640252650901134,1.0456263491206015,1.1942822276566274
31536, 22-23,ISR1,23/10/2022,Maccabi Bnei Raina FC,Bnei Sachnin FC,2,0,2,W,9,-0.3214686605256595,-0.5626524145585827,-0.12714291186682303,0.7232995588925369,-1.6129128572067348,-1.2873545006753897,0.06445047821959272,-0.26529768653945063,1.0005989916853668,1.2189985335194626
31537, 22-23,ISR1,23/10/2022,Hapoel Hadera,Hapoel Tel Aviv,0,0,0,D,9,-0.02323323659196197,1.1598246995210926,-0.05933430101512026,-0.13583509100149246,0.6083620084395025,0.9265699710737758,-0.01438568521631764,0.3674382652028374,1.1667568192398166,1.5577114303915665
31538, 22-23,ISR1,24/10/2022,Maccabi Tel Aviv,Maccabi Netanya,3,0,3,W,9,6.386223140156395,-1.7172574282371234,0.1380818804506974,-0.3765395761840506,-0.25516024708718255,0.705474249487513,-0.2406498644811461,0.0427746894067163,2.6148861421860827,0.9631128511573316
31539, 22-23,ISR1,29/10/2022,Maccabi Haifa,FC Ashdod,3,1,2,W,10,3.032705188328787,-1.371343727971695,-0.025835523750950024,0.1723108691863115,0.32646407363614727,-1.2417934803960082,-0.0819617266990457,0.20658700002326763,1.7949182623960014,1.0466470327929058
31540, 22-23,ISR1,29/10/2022,Bnei Sachnin FC,Hapoel Hadera,1,4,-3,L,10,-1.6129128572067348,-1.2873545006753897,-0.01970661401859619,-0.13683946921220058,-1.036740464847901,0.4603404298137702,-0.05933430101512026,-0.13583509100149246,0.8189743921792867,1.064963130750717
31541, 22-23,ISR1,29/10/2022,FS Ness Ziona,Hapoel Jerusalem,0,2,-2,L,10,0.6944206327613398,1.4130959015868827,-0.2207483431413548,0.14144043766596223,1.8733629251541752,0.40179287103379746,0.07519570493788558,-0.30148920055665124,1.175961007008198,1.6345466040846004
31542, 22-23,ISR1,29/10/2022,Maccabi Netanya,Maccabi Bnei Raina FC,2,1,1,W,10,-0.25516024708718255,0.705474249487513,-0.3071411479584273,0.0922753795513287,0.5466643806963281,-1.1100389730425375,-0.12714291186682303,0.7232995588925369,1.1902658485826987,1.435103134240652
31543, 22-23,ISR1,29/10/2022,Beitar Jerusalem,Hapoel Haifa,0,0,0,D,10,0.09162190507203294,1.2076645362429463,0.03332960720067872,0.40244361650780713,-1.4319063457015742,-0.852763112030723,-0.11767780466720276,0.49805252530131827,1.2136341083506155,1.5454712347432968
31544, 22-23,ISR1,30/10/2022,Hapoel Tel Aviv,Ironi Kiryat Shmona,2,1,1,W,10,0.6083620084395025,0.9265699710737758,-0.12192680271828649,0.21746893376628754,0.4553847379157045,0.3322533096455123,-0.13650864539911614,0.15208133799684986,1.2469918928560981,1.4802030715028558
31545, 22-23,ISR1,31/10/2022,Hapoel Beer Sheva,Maccabi Tel Aviv,2,0,2,W,10,0.37969093238718965,0.1065006549115812,0.5932690252226078,-0.11744011763542841,6.720753585712513,-2.1497395145810474,0.1380818804506974,-0.3765395761840506,1.1037430502939187,1.3657072315339838
31546, 22-23,ISR1,05/11/2022,Maccabi Tel Aviv,FS Ness Ziona,1,1,0,D,11,6.720753585712513,-2.1497395145810474,0.04379632858646945,-0.2613390019715458,-0.3270818441013805,1.5772013300805838,-0.2207483431413548,0.14144043766596223,2.7283675935981617,0.8986607613521044
31547, 22-23,ISR1,05/11/2022,Hapoel Hadera,Maccabi Netanya,3,1,2,W,11,-1.036740464847901,0.4603404298137702,0.14329446492338566,-0.11256692669330738,0.44821804211092175,0.5100928764271737,-0.3071411479584273,0.0922753795513287,0.941666042615582,1.3470755231877916
31548, 22-23,ISR1,05/11/2022,Hapoel Haifa,Hapoel Jerusalem,1,0,1,W,11,-1.4319063457015742,-0.852763112030723,-0.22437388483248932,0.34205781171865435,1.8733629251541752,0.40179287103379746,0.10042583795536768,-0.45264159419029204,0.7995764399227464,1.171327168464983
31549, 22-23,ISR1,05/11/2022,Ironi Kiryat Shmona,Bnei Sachnin FC,1,1,0,D,11,0.4553847379157045,0.3322533096455123,-0.169660854421755,0.2488693923133008,-1.4556643552050448,0.030612409623797632,-0.01970661401859619,-0.13683946921220058,1.1619299988980358,1.3796679675831098
31550, 22-23,ISR1,05/11/2022,FC Ashdod,Hapoel Tel Aviv,1,0,1,W,11,0.32646407363614727,-1.2417934803960082,-0.08518213963100901,0.36148243284586423,1.2624650288297374,0.7109366462949023,-0.12192680271828649,0.21746893376628754,1.2048027013157319,1.0620216078663476
31551, 22-23,ISR1,06/11/2022,Maccabi Bnei Raina FC,Hapoel Beer Sheva,0,3,-3,L,11,0.5466643806963281,-1.1100389730425375,-0.157181516175637,0.8273789071568257,1.158227540807069,-0.5067648747914546,0.5932690252226078,-0.11744011763542841,1.1828491489949495,1.215471387046818
31552, 22-23,ISR1,06/11/2022,Beitar Jerusalem,Maccabi Haifa,1,4,-3,L,11,-0.9626054377539611,0.5136766788665987,0.03332960720067872,0.40244361650780713,4.07950348559234,-1.3922903969313989,-0.025835523750950024,0.1723108691863115,0.9667336479506874,1.4160805087325752
31553, 22-23,ISR1,08/11/2022,Bnei Sachnin FC,FC Ashdod,1,1,0,D,12,-1.4556643552050448,0.030612409623797632,-0.0459180911362324,-0.1576531754394176,0.14856151954173455,-1.7186901599081126,-0.08518213963100901,0.36148243284586423,0.9178032661105286,1.30531639664017
31554, 22-23,ISR1,08/11/2022,Maccabi Netanya,Ironi Kiryat Shmona,1,0,1,W,12,0.44821804211092175,0.5100928764271737,-0.33110251133611857,0.35684376464395634,0.31472370071554157,0.16176488293519575,-0.169660854421755,0.2488693923133008,1.2345449598202696,1.385421468206301
31555, 22-23,ISR1,08/11/2022,Hapoel Jerusalem,Maccabi Tel Aviv,0,3,-3,L,12,1.8733629251541752,0.40179287103379746,0.01955987639182133,-0.42688011003757687,5.2194012727803605,-2.1042335229350204,0.04379632858646945,-0.2613390019715458,1.422263521273811,1.4072508271667152
31556, 22-23,ISR1,09/11/2022,FS Ness Ziona,Maccabi Bnei Raina FC,3,3,0,D,12,-0.3270818441013805,1.5772013300805838,-0.21375209546777002,-0.08071565194437683,-0.4808215038291599,-0.30870332816664325,-0.157181516175637,0.8273789071568257,1.196418779101675,1.6190907771304677
31557, 22-23,ISR1,09/11/2022,Hapoel Beer Sheva,Hapoel Hadera,3,0,3,W,12,1.158227540807069,-0.5067648747914546,0.7164691234609463,-0.2694778800379153,0.7512382378032236,0.3044875137128256,0.14329446492338566,-0.11256692669330738,1.304055824571988,1.2447990852525421
31558, 22-23,ISR1,09/11/2022,Hapoel Tel Aviv,Beitar Jerusalem,2,1,1,W,12,1.2624650288297374,0.7109366462949023,-0.19524653851330165,0.1911445757799069,-0.9337085093591889,1.6739756938628336,0.03332960720067872,0.40244361650780713,1.4336252973222734,1.4703789652723678
31559, 22-23,ISR1,09/11/2022,Hapoel Haifa,Maccabi Haifa,0,1,-1,L,12,-1.2578077473463214,-1.3787430291300784,-0.22437388483248932,0.34205781171865435,4.07950348559234,-1.3922903969313989,0.15255283766472424,0.17658676669460185,0.919850386238463,1.0859441564004946
31560, 22-23,ISR1,12/11/2022,FC Ashdod,Maccabi Netanya,2,3,-1,L,13,0.14856151954173455,-1.7186901599081126,-0.10626054083276731,0.3720476072030225,0.2444797753110581,-0.11202525470930402,-0.33110251133611857,0.35684376464395634,1.1973981689970752,0.9484604429758376
31561, 22-23,ISR1,12/11/2022,Hapoel Hadera,FS Ness Ziona,0,0,0,D,13,0.7512382378032236,0.3044875137128256,0.057356156914798714,0.1054216120909451,1.2396050387043216,2.197293254968234,-0.21375209546777002,-0.08071565194437683,1.2293509313732331,1.334432769894904
31562, 22-23,ISR1,12/11/2022,Maccabi Tel Aviv,Hapoel Haifa,1,0,1,W,13,5.2194012727803605,-2.1042335229350204,0.153756378057103,-0.44414994071625913,-2.0568388736217265,-1.417335918867236,-0.22437388483248932,0.34205781171865435,2.3866653488080667,0.9050464524101084
31563, 22-23,ISR1,13/11/2022,Maccabi Bnei Raina FC,Hapoel Jerusalem,0,2,-2,L,13,-0.4808215038291599,-0.30870332816664325,-0.06184645083633031,1.059202596060454,0.6379089423482946,1.1170107029438943,0.01955987639182133,-0.42688011003757687,0.9475979791804763,1.2591877198000874
31564, 22-23,ISR1,13/11/2022,Ironi Kiryat Shmona,Hapoel Beer Sheva,0,2,-2,L,13,0.31472370071554157,0.16176488293519575,-0.2653074356788958,0.21872210691840954,2.6314151426886174,-1.0657370708556142,0.7164691234609463,-0.2694778800379153,1.1113867287038635,1.4992247802268723
31565, 22-23,ISR1,13/11/2022,Maccabi Haifa,Hapoel Tel Aviv,5,2,3,W,13,4.07950348559234,-1.3922903969313989,0.14661943405623312,0.05835360518995056,1.7544483158348068,0.4997147982748741,-0.19524653851330165,0.1911445757799069,2.051682321271943,1.0239177391325438
31566, 22-23,ISR1,14/11/2022,Beitar Jerusalem,Bnei Sachnin FC,2,1,1,W,13,-0.9337085093591889,1.6739756938628336,0.0008556337882254864,0.4752427072030679,-1.3842638863478869,-0.10648873283866492,-0.0459180911362324,-0.1576531754394176,0.9182484086210277,1.666422278778656
31567, 22-23,ISR1,17/12/2022,Hapoel Hadera,Hapoel Jerusalem,0,0,0,D,14,-0.31664157610840826,-0.29473434042020924,0.057356156914798714,0.1054216120909451,0.6379089423482946,1.1170107029438943,0.07070399648847746,-0.5486798141960765,0.9544716761921793,1.27188301456097
31568, 22-23,ISR1,17/12/2022,Hapoel Tel Aviv,Hapoel Haifa,3,3,0,D,14,1.7544483158348068,0.4997147982748741,-0.1278598742958168,0.5701072043673177,-2.0568388736217265,-1.417335918867236,-0.286856386394996,0.16382249150645492,1.4888024116947236,1.3592209482800288
31569, 22-23,ISR1,17/12/2022,Beitar Jerusalem,Maccabi Netanya,6,3,3,W,14,0.005958642322232421,1.3747213570881462,0.0008556337882254864,0.4752427072030679,0.2444797753110581,-0.11202525470930402,-0.18946853969195246,0.4600063586142079,1.1898506112303797,1.5665323271757636
31570, 22-23,ISR1,17/12/2022,FC Ashdod,Hapoel Beer Sheva,0,1,-1,L,14,0.8457442946661198,-0.7974542873177671,-0.10626054083276731,0.3720476072030225,2.6314151426886174,-1.0657370708556142,0.7510415902869481,-0.412330205323459,1.1836461408156569,1.3069399790967033
31571, 22-23,ISR1,19/12/2022,Ironi Kiryat Shmona,FS Ness Ziona,3,3,0,D,14,-0.6506861124989864,0.3866360510195681,-0.2653074356788958,0.21872210691840954,1.2396050387043216,2.197293254968234,-0.30587852434662344,-0.23873053065668978,0.950558977525038,1.332420238112348
31572, 22-23,ISR1,19/12/2022,Maccabi Bnei Raina FC,Maccabi Tel Aviv,0,2,-2,L,14,-1.3039556698723176,0.023955549912972607,-0.06184645083633031,1.059202596060454,4.014869762002747,-2.5106411183753083,0.153756378057103,-0.44414994071625913,0.8190670377133717,1.3520575160906176
31573, 22-23,ISR1,19/12/2022,Maccabi Haifa,Bnei Sachnin FC,3,1,2,W,14,6.64056953578482,-0.9539844475133357,0.14661943405623312,0.05835360518995056,-1.3842638863478869,-0.10648873283866492,-0.09192648215770031,-0.0186100087191865,2.6655217706339833,1.1178886397487782
31574, 22-23,ISR1,24/12/2022,Maccabi Tel Aviv,Hapoel Hadera,5,0,5,W,15,4.014869762002747,-2.5106411183753083,0.19848896294870944,-0.5494288934697739,-1.1457466021382607,-0.8658684697818273,0.057356156914798714,0.1054216120909451,2.013485441861147,0.8861399742220017
31575, 22-23,ISR1,24/12/2022,Hapoel Jerusalem,Ironi Kiryat Shmona,1,1,0,D,15,0.6379089423482946,1.1170107029438943,-0.01710412897624801,-0.6713630304355376,1.1295677123862509,1.135456268400577,-0.2653074356788958,0.21872210691840954,1.2660485309248533,1.4934865450280732
31576, 22-23,ISR1,24/12/2022,Hapoel Haifa,Maccabi Bnei Raina FC,0,0,0,D,15,-2.0568388736217265,-1.417335918867236,-0.1735804552095701,0.35806458913081546,-2.0154410020853675,0.31491160655292044,-0.06184645083633031,1.059202596060454,0.9331371676127158,1.0422366268445367
31577, 22-23,ISR1,24/12/2022,FS Ness Ziona,FC Ashdod,2,0,2,W,15,1.2396050387043216,2.197293254968234,-0.19075232855823812,0.024694799190073696,-0.18243389948021438,-0.9352844931784692,-0.10626054083276731,0.3720476072030225,1.4221839479134633,1.7741587581377374
31578, 22-23,ISR1,24/12/2022,Hapoel Beer Sheva,Beitar Jerusalem,3,2,1,W,15,2.6314151426886174,-1.0657370708556142,0.7298511003707298,-0.5644704092360711,4.18431105828258,2.0184144498598076,0.0008556337882254864,0.4752427072030679,1.7629077556859345,1.1144959045324314
31579, 22-23,ISR1,25/12/2022,Bnei Sachnin FC,Hapoel Tel Aviv,1,1,0,D,15,-1.3842638863478869,-0.10648873283866492,-0.10006526563968565,0.02438222034769351,3.067155174551295,1.236500260813925,-0.1278598742958168,0.5701072043673177,0.9628208158805717,1.2698656206397725
31580, 22-23,ISR1,26/12/2022,Maccabi Netanya,Maccabi Haifa,0,2,-2,L,15,0.2444797753110581,-0.11202525470930402,-0.09050494962590651,1.078279914892808,6.93111517268761,-1.006921883467526,0.14661943405623312,0.05835360518995056,1.1589813391164092,1.3231343225601566
31581, 22-23,ISR1,31/12/2022,Beitar Jerusalem,FS Ness Ziona,3,2,1,W,16,4.18431105828258,2.0184144498598076,0.061988972172482365,0.6342526171909934,1.7415268922860885,1.4006141531342873,-0.19075232855823812,0.024694799190073696,2.0359953368898815,1.7124765770196821
31582, 22-23,ISR1,31/12/2022,Hapoel Tel Aviv,Maccabi Netanya,1,1,0,D,16,3.067155174551295,1.236500260813925,-0.14649082856163242,0.57488603856293,-0.7622732560305934,0.19191864968571393,-0.09050494962590651,1.078279914892808,2.0198571169447903,1.5578344926419097
31583, 22-23,ISR1,31/12/2022,Bnei Sachnin FC,Hapoel Haifa,1,2,-1,L,16,-1.3519680632386208,-0.2276708419825092,-0.10006526563968565,0.02438222034769351,-2.867411607146391,-1.885348229470437,-0.1735804552095701,0.35806458913081546,0.9337339765874559,1.2375275163617274
31584, 22-23,ISR1,31/12/2022,FC Ashdod,Hapoel Jerusalem,1,1,0,D,16,-0.18243389948021438,-0.9352844931784692,-0.22874472612765012,0.4463173141340548,0.40680499273958876,0.8954124859541268,-0.01710412897624801,-0.6713630304355376,0.9563474170732256,1.1347217683167958
31585, 22-23,ISR1,31/12/2022,Ironi Kiryat Shmona,Maccabi Tel Aviv,1,1,0,D,16,1.1295677123862509,1.135456268400577,-0.299376707746293,0.18452550343211305,6.6091156597361085,-2.9085588331932133,0.19848896294870944,-0.5494288934697739,1.211789421464018,1.5997137825550718
31586, 22-23,ISR1,01/01/2023,Hapoel Hadera,Maccabi Bnei Raina FC,2,2,0,D,16,-1.1457466021382607,-0.8658684697818273,-0.003821081199866072,0.4892938845507883,-2.0154410020853675,0.31491160655292044,-0.1338002731974908,0.9392616153369372,1.0662389184733994,1.126189493263068
31587, 22-23,ISR1,01/01/2023,Maccabi Haifa,Hapoel Beer Sheva,2,0,2,W,16,6.93111517268761,-1.006921883467526,0.19334881533342532,-0.09061630328503881,3.7060194740766814,-0.6681048949234675,0.7298511003707298,-0.5644704092360711,2.598501658571647,1.2615352029257347
31588, 22-23,ISR1,07/01/2023,Maccabi Netanya,Bnei Sachnin FC,0,0,0,D,17,-0.7622732560305934,0.19191864968571393,-0.1290166685164682,0.9471923673705505,-1.2944058595223842,0.11471446635125504,-0.10006526563968565,0.02438222034769351,0.9753690065818639,1.3346583829904841
31589, 22-23,ISR1,07/01/2023,Maccabi Tel Aviv,FC Ashdod,3,0,3,W,17,6.6091156597361085,-2.9085588331932133,0.15708598605645335,-0.5766512909895813,-0.1445149367634136,-0.9957807801583142,-0.22874472612765012,0.4463173141340548,2.778712730601891,0.7879053360349418
31590, 22-23,ISR1,07/01/2023,Hapoel Haifa,Hapoel Hadera,3,0,3,W,17,-2.867411607146391,-1.885348229470437,-0.12094096027157017,0.3665821062897148,-0.334631903697596,-0.4734872544665973,-0.003821081199866072,0.4892938845507883,0.7321973603415317,0.9741863462067515
31591, 22-23,ISR1,07/01/2023,Hapoel Jerusalem,Beitar Jerusalem,1,1,0,D,17,0.40680499273958876,0.8954124859541268,-0.026405036213596612,-0.6657521365722626,5.021696945404374,2.1475257265849077,0.061988972172482365,0.6342526171909934,1.303121601767782,1.51642224231877
31592, 22-23,ISR1,08/01/2023,Maccabi Bnei Raina FC,Ironi Kiryat Shmona,0,1,-1,L,17,-2.0154410020853675,0.31491160655292044,-0.0734742355591654,1.0592827909656788,0.9455961203780912,0.8661571228467038,-0.299376707746293,0.18452550343211305,0.8071925933127371,1.3193125881194854
31593, 22-23,ISR1,08/01/2023,FS Ness Ziona,Maccabi Haifa,0,2,-2,L,17,1.7415268922860885,1.4006141531342873,-0.17090231679609674,0.14860333989398333,6.411224697583513,-1.5734093681916823,0.19334881533342532,-0.09061630328503881,1.430612670700141,1.6586177705248197
31594, 22-23,ISR1,09/01/2023,Hapoel Beer Sheva,Hapoel Tel Aviv,6,0,6,W,17,3.7060194740766814,-0.6681048949234675,0.6427573660347086,-0.6413989449168276,2.18125286588919,0.9860068477912729,-0.14649082856163242,0.57488603856293,2.054296263855048,1.1598479106848443
31595, 22-23,ISR1,14/01/2023,Hapoel Tel Aviv,FS Ness Ziona,1,1,0,D,18,2.18125286588919,0.9860068477912729,-0.22656428633681086,1.0820478923431303,0.49882039279992196,1.5539105177988761,-0.17090231679609674,0.14860333989398333,1.5809840913244875,1.4855914764425473
31596, 22-23,ISR1,14/01/2023,Ironi Kiryat Shmona,Hapoel Hadera,2,2,0,D,18,0.9455961203780912,0.8661571228467038,-0.3214213765397828,0.08077283486959534,-0.334631903697596,-0.4734872544665973,-0.07107685546089133,0.7807863704667577,1.4469003410755361,1.4812820611752993
31597, 22-23,ISR1,14/01/2023,FC Ashdod,Maccabi Bnei Raina FC,3,0,3,W,18,-0.1445149367634136,-0.9957807801583142,-0.2831400516480275,0.4747605195216832,-2.7166115583030153,0.17152552864953877,-0.0734742355591654,1.0592827909656788,1.2776594667107721,1.1137147647484866
31598, 22-23,ISR1,14/01/2023,Maccabi Netanya,Hapoel Haifa,1,0,1,W,18,-1.609530818263317,-0.40740451513190556,-0.1290166685164682,0.9471923673705505,-0.8974772303760306,-2.3228028257713587,-0.12094096027157017,0.3665821062897148,0.8945588775366414,1.2132760290556905
31599, 22-23,ISR1,15/01/2023,Maccabi Haifa,Hapoel Jerusalem,2,1,1,W,18,6.411224697583513,-1.5734093681916823,0.2169171257000289,-0.27450040169497386,0.14349739567550868,0.6635150831481658,-0.026405036213596612,-0.6657521365722626,2.4350437685853956,1.0218572087717344
31600, 22-23,ISR1,16/01/2023,Beitar Jerusalem,Maccabi Tel Aviv,2,2,0,D,18,5.021696945404374,2.1475257265849077,0.026336267853638996,0.595290818801241,6.801337589239916,-3.2623646651478295,0.15708598605645335,-0.5766512909895813,2.0962578700517827,1.82490271528649
31601, 22-23,ISR1,21/01/2023,Hapoel Jerusalem,Hapoel Tel Aviv,0,0,0,D,19,0.14349739567550868,0.6635150831481658,-0.02791401188837566,-0.7216705782256803,1.6765790843871273,0.7679538806957349,-0.22656428633681086,1.0820478923431303,1.340903051047153,1.4054497297393016
31602, 22-23,ISR1,21/01/2023,Hapoel Haifa,Ironi Kiryat Shmona,1,0,1,W,19,-0.8974772303760306,-2.3228028257713587,-0.20470298284991242,0.3801350029867763,1.426047996057781,1.099085399255176,-0.3214213765397828,0.08077283486959534,0.9624037634317716,0.857788220817924
31603, 22-23,ISR1,21/01/2023,Hapoel Hadera,FC Ashdod,0,2,-2,L,19,-0.334631903697596,-0.4734872544665973,-0.03526566108870664,0.8518791506407182,1.3516019499963696,-1.495890071059859,-0.2831400516480275,0.4747605195216832,1.1287542554430057,1.1705336456479318
31604, 22-23,ISR1,21/01/2023,FS Ness Ziona,Bnei Sachnin FC,0,0,0,D,19,0.49882039279992196,1.5539105177988761,-0.20442652995086286,0.0739264283778604,-1.2944058595223842,0.11471446635125504,-0.1922072703716453,-0.10098703861778448,1.176889735051775,1.605949228557657
31605, 22-23,ISR1,21/01/2023,Maccabi Bnei Raina FC,Beitar Jerusalem,0,2,-2,L,19,-2.7166115583030153,0.17152552864953877,-0.15036275806900384,1.2806641911204657,4.938082223411521,2.2261524824370986,0.026336267853638996,0.595290818801241,0.7666472095849193,1.3561614836659865
31606, 22-23,ISR1,22/01/2023,Hapoel Beer Sheva,Maccabi Netanya,2,2,0,D,19,7.133468271628912,-1.1889300958870468,0.6427573660347086,-0.6413989449168276,-1.5179390332316596,-0.9522214052051123,-0.1290166685164682,0.9471923673705505,3.0410732810803225,1.0699406600653154
31607, 22-23,ISR1,23/01/2023,Maccabi Tel Aviv,Maccabi Haifa,3,0,3,W,19,6.801337589239916,-3.2623646651478295,0.1691743339380105,-0.5890238164200112,6.03332246740304,-1.583224262925872,0.2169171257000289,-0.27450040169497386,2.6405748819595125,0.8005634249120758
31608, 22-23,ISR1,28/01/2023,Maccabi Haifa,Maccabi Bnei Raina FC,0,0,0,D,20,6.03332246740304,-1.583224262925872,0.16164791237429335,-0.2283016190821973,-3.3825622308200236,0.4606387145841996,-0.15036275806900384,1.2806641911204657,2.845711091432498,0.9996058452536369
31609, 22-23,ISR1,28/01/2023,FC Ashdod,Ironi Kiryat Shmona,1,1,0,D,20,1.3516019499963696,-1.495890071059859,-0.22587544092684755,0.3296758555595397,1.426047996057781,1.099085399255176,-0.3806412692920602,0.08560527498881498,1.3850947604465713,0.9762327577353769
31610, 22-23,ISR1,28/01/2023,Maccabi Netanya,FS Ness Ziona,3,0,3,W,20,-1.5179390332316596,-0.9522214052051123,-0.0648073298621468,0.8133777957601656,-0.5234888267959263,0.8327652521174692,-0.20442652995086286,0.0739264283778604,0.8638784012150239,1.0981879448714569
31611, 22-23,ISR1,28/01/2023,Beitar Jerusalem,Hapoel Hadera,0,2,-2,L,20,4.938082223411521,2.2261524824370986,0.07078552346445813,0.4967496596040261,-1.3151280773231284,-0.10101860860520995,-0.03526566108870664,0.8518791506407182,2.4467488777127566,1.7978049426468279
31612, 22-23,ISR1,28/01/2023,Hapoel Tel Aviv,Maccabi Tel Aviv,0,0,0,D,20,1.6765790843871273,0.7679538806957349,-0.3235935766020888,0.909694638631023,7.113553424745484,-3.6218545627652925,0.1691743339380105,-0.5890238164200112,1.312578640085386,1.512007699909292
31613, 22-23,ISR1,29/01/2023,Hapoel Haifa,Hapoel Beer Sheva,0,1,-1,L,20,-0.8648191332569188,-2.7079892958042215,-0.20470298284991242,0.3801350029867763,6.2291364707601655,-0.7712905604211271,0.6427573660347086,-0.6413989449168276,0.8545566221183225,0.9460152622997876
31614, 22-23,ISR1,30/01/2023,Bnei Sachnin FC,Hapoel Jerusalem,2,1,1,W,20,-1.2944058595223842,0.11471446635125504,-0.30307862389769713,-0.25225880650446997,-1.0212825415115554,0.032403338933817416,-0.02791401188837566,-0.7216705782256803,0.7811449001757994,1.3336388604120193
31615, 22-23,ISR1,04/02/2023,FS Ness Ziona,Hapoel Beer Sheva,0,1,-1,L,20,-0.5234888267959263,0.8327652521174692,-0.2802431135070224,0.3484932642037509,6.2291364707601655,-0.7712905604211271,0.6464843586644489,-0.7512395588137836,0.8896534991308328,1.6324952556691306
31616, 22-23,ISR1,04/02/2023,Maccabi Tel Aviv,Bnei Sachnin FC,1,1,0,D,21,7.113553424745484,-3.6218545627652925,0.0647885057625359,-0.7577363860536335,-0.2356432849241099,-0.03510476850062019,-0.30307862389769713,-0.25225880650446997,2.7281327988991317,0.6859634601013852
31617, 22-23,ISR1,04/02/2023,Hapoel Haifa,FC Ashdod,1,1,0,D,21,-1.6071326121146585,-2.683747658945922,-0.20470298284991242,0.3801350029867763,1.017088093432513,-1.485217483201755,-0.22587544092684755,0.3296758555595397,0.8892333431050394,0.8195814761464703
31618, 22-23,ISR1,04/02/2023,Hapoel Jerusalem,Maccabi Netanya,0,2,-2,L,21,-1.0212825415115554,0.032403338933817416,-0.050947736357979584,-0.5650047834135622,0.3376101652832153,-1.4453584379266995,-0.0648073298621468,0.8133777957601656,1.0659881181356943,1.3097313261298154
31619, 22-23,ISR1,04/02/2023,Ironi Kiryat Shmona,Beitar Jerusalem,0,3,-3,L,21,1.426047996057781,1.099085399255176,-0.3790004289263738,0.03610703952830285,2.812705596168269,2.316947387880889,0.07078552346445813,0.4967496596040261,1.4897993314805407,1.563121190154376
31620, 22-23,ISR1,05/02/2023,Maccabi Bnei Raina FC,Hapoel Tel Aviv,1,1,0,D,21,-3.3825622308200236,0.4606387145841996,-0.21937344102525203,0.9148901216603345,0.5364032418772611,0.08899269370807772,-0.3235935766020888,0.909694638631023,0.719814190982087,1.3437986685693015
31621, 22-23,ISR1,08/02/2023,Bnei Sachnin FC,Hapoel Beer Sheva,0,1,-1,L,21,-0.2356432849241099,-0.03510476850062019,-0.2813982023650264,-0.4743847167291326,6.2291364707601655,-0.7712905604211271,0.6028182178874928,-0.8655913571274771,0.9166908065596564,1.432863175209056
31622, 22-23,ISR1,08/02/2023,Hapoel Hadera,Maccabi Haifa,1,1,0,D,21,-1.3151280773231284,-0.10101860860520995,-0.021306540036568705,0.5373857726437646,3.5613859737521523,-2.0320933865777726,0.16164791237429335,-0.2283016190821973,0.8490185602720967,1.3283662797087836
31623, 22-23,ISR1,11/02/2023,Beitar Jerusalem,FC Ashdod,2,1,1,W,22,2.812705596168269,2.316947387880889,0.1699846112485507,0.30525799138962956,1.017088093432513,-1.485217483201755,-0.21341972589855956,0.3439132709369977,1.7749352265103016,1.777110013254183
31624, 22-23,ISR1,11/02/2023,Hapoel Beer Sheva,Hapoel Jerusalem,0,0,0,D,22,6.2291364707601655,-0.7712905604211271,0.5729342556341435,-0.9834184013982392,-1.9472566992365408,0.3423658068362049,-0.050947736357979584,-0.5650047834135622,2.4136505299397975,1.1584441920139605
31625, 22-23,ISR1,11/02/2023,Bnei Sachnin FC,Maccabi Bnei Raina FC,1,1,0,D,22,-1.0319298317036716,-0.22948029665488706,-0.2813982023650264,-0.4743847167291326,-3.1391778871318423,0.3062572573266785,-0.21937344102525203,0.9148901216603345,1.0821261229063275,1.2284062931847968
31626, 22-23,ISR1,11/02/2023,FS Ness Ziona,Hapoel Haifa,0,2,-2,L,22,-1.296289325703452,0.5487457133420136,-0.2802431135070224,0.3484932642037509,-1.5109147837192511,-2.6027314213186257,-0.20470298284991242,0.3801350029867763,0.946231570203127,1.3861675366099282
31627, 22-23,ISR1,11/02/2023,Maccabi Haifa,Ironi Kiryat Shmona,2,0,2,W,22,3.5613859737521523,-2.0320933865777726,0.1389781957753916,-0.2088951881945048,0.13192880497376236,1.744310249861905,-0.3790004289263738,0.03610703952830285,1.882605262017026,0.8925030433628555
31628, 22-23,ISR1,12/02/2023,Hapoel Tel Aviv,Hapoel Hadera,0,0,0,D,22,0.5364032418772611,0.08899269370807772,-0.34732871283610733,0.945708380109562,-1.1839775428043613,-0.2484702115640916,-0.021306540036568705,0.5373857726437646,1.3097741566832957,1.3297866798611493
31629, 22-23,ISR1,13/02/2023,Maccabi Netanya,Maccabi Tel Aviv,2,1,1,W,22,0.3376101652832153,-1.4453584379266995,-0.01715263393047365,0.676360790365439,5.612405067016933,-3.480837673830235,0.0647885057625359,-0.7577363860536335,1.0289829244837174,1.0591173326954457
31630, 22-23,ISR1,18/02/2023,Ironi Kiryat Shmona,Hapoel Tel Aviv,0,1,-1,L,23,0.13192880497376236,1.744310249861905,-0.4406169599375269,0.0511963966926743,-0.6013364767097176,-0.5081428517346251,-0.34732871283610733,0.945708380109562,1.3105577228456067,1.6138924335886893
31631, 22-23,ISR1,18/02/2023,Maccabi Bnei Raina FC,Maccabi Netanya,1,2,-1,L,23,-3.1391778871318423,0.3062572573266785,-0.23514213061328496,0.9043340233006416,1.1810874079848204,-1.471904846639335,-0.01715263393047365,0.676360790365439,0.7211194177520608,1.3748426889046859
31632, 22-23,ISR1,18/02/2023,Hapoel Hadera,Bnei Sachnin FC,1,3,-2,L,23,-1.1839775428043613,-0.2484702115640916,-0.11311221264150868,0.36903367786994257,-1.103268964093255,-0.3320452557787751,-0.2813982023650264,-0.4743847167291326,0.8320938581116202,1.2129873966559532
31633, 22-23,ISR1,18/02/2023,Hapoel Jerusalem,FS Ness Ziona,1,0,1,W,23,-1.9472566992365408,0.3423658068362049,-0.1309242843515515,-0.8752438583669739,-2.1182365560009075,0.8243847977063878,-0.2802431135070224,0.3484932642037509,0.8408362975116992,1.3286667878227463
31634, 22-23,ISR1,18/02/2023,FC Ashdod,Maccabi Haifa,3,1,2,W,23,1.017088093432513,-1.485217483201755,-0.26706976506294905,0.3728420186019651,3.6633613070375204,-2.4328684128875557,0.1389781957753916,-0.2088951881945048,1.2564280005169102,1.0650408472028334
31635, 22-23,ISR1,19/02/2023,Hapoel Haifa,Beitar Jerusalem,0,0,0,D,23,-1.5109147837192511,-2.6027314213186257,-0.16232528195870113,0.2585109304915529,3.008208867283679,1.9679891537060845,0.1699846112485507,0.30525799138962956,0.9003420486583887,0.8892329844863317
31636, 22-23,ISR1,20/02/2023,Maccabi Tel Aviv,Hapoel Beer Sheva,1,0,1,W,23,5.612405067016933,-3.480837673830235,0.06070716958064386,-0.6329265034565648,4.13251083443298,-1.2914854269657499,0.5729342556341435,-0.9834184013982392,2.143559454789745,0.8198245768906058
31637, 22-23,ISR1,25/02/2023,Hapoel Tel Aviv,FC Ashdod,1,2,-1,L,24,-0.6013364767097176,-0.5081428517346251,-0.3897105539435681,0.7772555694954206,2.5316477645832807,-1.5144238231047646,-0.26706976506294905,0.3728420186019651,1.06235578147085,1.1671002525043457
31638, 22-23,ISR1,25/02/2023,FS Ness Ziona,Maccabi Tel Aviv,0,2,-2,L,24,-2.1182365560009075,0.8243847977063878,-0.3719714711234853,0.3689514039442054,4.619048307272464,-3.848976716958582,0.06070716958064386,-0.6329265034565648,0.684448147325049,1.5007101119186657
31639, 22-23,ISR1,25/02/2023,Bnei Sachnin FC,Ironi Kiryat Shmona,1,3,-2,L,24,-1.103268964093255,-0.3320452557787751,-0.15802661465997037,-0.4528028657145425,-1.0064915609908218,1.4686442361126872,-0.4406169599375269,0.0511963966926743,0.9244671580923247,1.167570990832552
31640, 22-23,ISR1,25/02/2023,Maccabi Netanya,Hapoel Hadera,1,0,1,W,24,1.1810874079848204,-1.471904846639335,0.026006910602634284,0.7122067642485046,-1.0381253089315696,0.5539808595522566,-0.11311221264150868,0.36903367786994257,1.4090334433681004,1.0243410318694441
31641, 22-23,ISR1,25/02/2023,Maccabi Haifa,Beitar Jerusalem,2,1,1,W,24,3.6633613070375204,-2.4328684128875557,0.13448791262345425,0.015215202901672775,3.008208867283679,1.9679891537060845,0.10859383821735294,0.18953233813012263,1.9461456571475364,0.9057091115129521
31642, 22-23,ISR1,26/02/2023,Hapoel Jerusalem,Hapoel Haifa,2,2,0,D,24,-1.8089986147001484,-0.2542668554348463,-0.1309242843515515,-0.8752438583669739,-2.2929999270592023,-3.0020380403865294,-0.16232528195870113,0.2585109304915529,0.847971374033404,1.2345830630550494
31643, 22-23,ISR1,27/02/2023,Hapoel Beer Sheva,Maccabi Bnei Raina FC,2,0,2,W,24,4.13251083443298,-1.2914854269657499,0.516335292928816,-1.1304060547504615,-2.8969273330595153,0.5869817205822232,-0.23514213061328496,0.9043340233006416,2.249328134035894,1.0341857719823973
31644, 22-23,ISR1,04/03/2023,Ironi Kiryat Shmona,Maccabi Netanya,2,2,0,D,25,-1.0064915609908218,1.4686442361126872,-0.31410991919548337,0.06090502630220769,0.8257791341303888,-1.9318812098020113,0.026006910602634284,0.7122067642485046,1.05081000438331,1.635990180300896
31645, 22-23,ISR1,04/03/2023,Hapoel Hadera,Hapoel Beer Sheva,0,3,-3,L,25,-1.0381253089315696,0.5539808595522566,-0.18383056080351,0.3164584788005506,3.915931113718269,-1.7558825324520775,0.516335292928816,-1.1304060547504615,0.7602157420773908,1.5411420654868873
31646, 22-23,ISR1,04/03/2023,FC Ashdod,Bnei Sachnin FC,1,1,0,D,25,2.5316477645832807,-1.5144238231047646,-0.20956812010790457,0.36482710520769,-1.037657107379172,0.4907998760347638,-0.15802661465997037,-0.4528028657145425,1.5243978838958114,1.009729751414891
31647, 22-23,ISR1,04/03/2023,Maccabi Bnei Raina FC,FS Ness Ziona,3,2,1,W,25,-2.8969273330595153,0.5869817205822232,-0.3065401389052741,0.8722865795204994,-2.712784737113994,1.0485889833616424,-0.3719714711234853,0.3689514039442054,0.7126923404274125,1.359660300069751
31648, 22-23,ISR1,04/03/2023,Maccabi Tel Aviv,Hapoel Jerusalem,1,2,-1,L,25,4.619048307272464,-3.848976716958582,0.09517709223390602,-0.7209021890190459,-0.8082850809788469,0.08944064822388342,-0.1309242843515515,-0.8752438583669739,1.9189079365792865,0.6792803238733467
31649, 22-23,ISR1,05/03/2023,Beitar Jerusalem,Hapoel Tel Aviv,1,3,-2,L,25,3.008208867283679,1.9679891537060845,0.11510348263564016,0.1964545173360696,-0.6555020356352098,-0.13413245401291035,-0.3897105539435681,0.7772555694954206,1.9292929353640291,1.6550336936589383
31650, 22-23,ISR1,06/03/2023,Maccabi Haifa,Hapoel Haifa,4,1,3,W,25,3.710142062764757,-2.3905274555147016,0.13448791262345425,0.015215202901672775,-2.2929999270592023,-3.0020380403865294,-0.10948250816374827,0.4065871705297664,2.0125832877748766,0.8791347279145276
31651, 22-23,ISR1,11/03/2023,Hapoel Haifa,Maccabi Tel Aviv,1,1,0,D,26,-2.2929999270592023,-3.0020380403865294,-0.10113822425232838,0.6620401927048748,3.8208358430576457,-3.255912674338493,0.09517709223390602,-0.7209021890190459,0.6524118849182817,0.8199719726398177
31652, 22-23,ISR1,11/03/2023,Hapoel Jerusalem,Maccabi Bnei Raina FC,0,1,-1,L,26,-0.8082850809788469,0.08944064822388342,-0.03974457859450012,-0.9933558819078536,-0.9100498552553713,0.8745237765955918,-0.3065401389052741,0.8722865795204994,1.1148046107252747,1.2732392978591667
31653, 22-23,ISR1,11/03/2023,FS Ness Ziona,Hapoel Hadera,1,3,-2,L,26,-2.712784737113994,1.0485889833616424,-0.3277637664306693,0.6629509716684328,-1.6984892656054087,1.2090753507528023,-0.18383056080351,0.3164584788005506,0.7298040071797861,1.496308620665304
31654, 22-23,ISR1,11/03/2023,Bnei Sachnin FC,Beitar Jerusalem,2,0,2,W,26,-1.037657107379172,0.4907998760347638,-0.15869833621234464,-0.5202064572408688,2.2009754390083094,2.5719410514818137,0.11510348263564016,0.1964545173360696,0.9584005103627184,1.4409295093761836
31655, 22-23,ISR1,11/03/2023,Maccabi Netanya,FC Ashdod,0,2,-2,L,26,0.8257791341303888,-1.9318812098020113,0.051137382157491904,0.8342110985721234,2.076127782144436,-1.5187929302000167,-0.20956812010790457,0.36482710520769,1.333694823767819,0.9340152102094017
31656, 22-23,ISR1,12/03/2023,Hapoel Beer Sheva,Ironi Kiryat Shmona,2,1,1,W,26,3.915931113718269,-1.7558825324520775,0.6170517732044452,-1.228120543928393,-0.1819744845253739,1.6321014323114194,-0.31410991919548337,0.06090502630220769,1.9772603072337531,0.9452622937933243
31657, 22-23,ISR1,13/03/2023,Hapoel Tel Aviv,Maccabi Haifa,0,1,-1,L,26,-0.6555020356352098,-0.13413245401291035,-0.29685691188609487,0.6578087079668513,5.436518262313502,-2.3362533743670584,0.13448791262345425,0.015215202901672775,0.9916082973261185,1.3162739036401039
31658, 22-23,ISR1,18/03/2023,Hapoel Hadera,FS Ness Ziona,1,2,-1,L,27,-1.6984892656054087,1.2090753507528023,-0.08001887389107529,0.351188177167759,-2.4780780808053584,1.723815758884969,-0.3277637664306693,0.6629509716684328,0.9270939494399699,1.499891233585579
31659, 22-23,ISR1,18/03/2023,Beitar Jerusalem,Hapoel Tel Aviv,2,1,1,W,27,2.2009754390083094,2.5719410514818137,0.015624743084421772,0.33033672527322117,-1.516865912294084,-0.2761540224490945,-0.29685691188609487,0.6578087079668513,1.7037956886907772,1.817850253970748
31660, 22-23,ISR1,18/03/2023,Hapoel Beer Sheva,Hapoel Jerusalem,1,0,1,W,27,3.935684024185016,-1.7313027780094938,0.6170517732044452,-1.228120543928393,-1.776663848886336,-0.033256397576388264,-0.03974457859450012,-0.9933558819078536,1.723612891867566,0.9934403242345445
31661, 22-23,ISR1,18/03/2023,Maccabi Tel Aviv,Maccabi Netanya,2,0,2,W,27,3.8208358430576457,-3.255912674338493,0.10760584820645631,-0.6762248780537166,-0.33273935222986406,-1.4532048788346275,0.051137382157491904,0.8342110985721234,2.1502829766920746,0.7787114986973324
31662, 22-23,ISR1,18/03/2023,Maccabi Haifa,FC Ashdod,2,1,1,W,27,5.436518262313502,-2.3362533743670584,0.11265302820868367,-0.11224137669117154,2.076127782144436,-1.5187929302000167,-0.135974774577041,0.19340036249436027,2.404655846971734,0.8832946517207998
31663, 22-23,ISR1,19/03/2023,Bnei Sachnin FC,Maccabi Bnei Raina FC,2,2,0,D,27,-0.1328682136807512,-0.15624392546855403,-0.15869833621234464,-0.5202064572408688,-0.9100498552553713,0.8745237765955918,-0.3254040047432757,0.7289949360555136,1.214883401571053,1.2221489456735972
31664, 22-23,ISR1,19/03/2023,Hapoel Haifa,Ironi Kiryat Shmona,1,1,0,D,27,-1.9910663439148555,-2.921197153693394,-0.10113822425232838,0.6620401927048748,-0.1819744845253739,1.6321014323114194,-0.3103309432053793,0.06382787746107085,0.79355578081189,0.7750904019835801
31665, 22-23,ISR1,01/04/2023,Hapoel Tel Aviv,FS Ness Ziona,2,1,1,W,28,-1.516865912294084,-0.2761540224490945,-0.35331957149383386,0.6958813909828461,-2.4780780808053584,1.723815758884969,-0.29323731014138177,0.6723219661034948,0.9578554845443287,1.2055132125155215
31666, 22-23,ISR1,01/04/2023,Hapoel Jerusalem,Maccabi Tel Aviv,0,2,-2,L,28,-1.776663848886336,-0.033256397576388264,-0.10832960696066264,-1.0863656160896102,3.6902920307999434,-3.6055900493334727,0.10760584820645631,-0.6762248780537166,0.7224107160072196,1.331128754489789
31667, 22-23,ISR1,01/04/2023,FC Ashdod,Maccabi Netanya,3,2,1,W,28,2.076127782144436,-1.5187929302000167,-0.12791768304677806,0.14138783869203028,-0.33273935222986406,-1.4532048788346275,-0.0026232201900772065,0.8148944447766142,1.7114297765302773,1.0350678303627
31668, 22-23,ISR1,01/04/2023,Maccabi Haifa,Hapoel Beer Sheva,1,0,1,W,28,5.085012602265944,-2.2838472908529286,0.11265302820868367,-0.11224137669117154,3.3071152562349053,-2.1774032983865754,0.6170517732044452,-1.228120543928393,1.947146670902117,1.0106700363059564
31669, 22-23,ISR1,02/04/2023,Maccabi Bnei Raina FC,Hapoel Hadera,1,1,0,D,28,-0.9100498552553713,0.8745237765955918,-0.2717028056634702,0.8299100620051021,-1.6351591800145433,1.433647250544079,-0.08001887389107529,0.351188177167759,1.0053107705851927,1.4811583441501643
31670, 22-23,ISR1,02/04/2023,Ironi Kiryat Shmona,Bnei Sachnin FC,2,2,0,D,28,-0.1819744845253739,1.6321014323114194,-0.2948036580897245,0.09036322829000634,0.5491259554640188,0.19304707032249818,-0.15869833621234464,-0.5202064572408688,0.9812869289194198,1.631169569189917
31671, 22-23,ISR1,03/04/2023,Beitar Jerusalem,Hapoel Haifa,2,0,2,W,28,2.458274308491724,2.204688570394946,0.015624743084421772,0.33033672527322117,-1.8117378798094343,-2.8202023719582834,-0.10113822425232838,0.6620401927048748,1.7661917393608577,1.7771153731623526
